<lblinput>
  <!-- LBLRTM 9.1 record -->
  <record name="r9p1" type="lblrtm" format="(3f10.3,2i5,15x,5i5)">
    <entry name="dvo"    type="REAL(fp)"  value="0.0_fp" desc="Wavenumber spacing for interpolated result"/>
    <entry name="v1"     type="REAL(fp)"  value="0.0_fp" desc="Beginning wavenumber value for performing INTRPL"/>
    <entry name="v2"     type="REAL(fp)"  value="0.0_fp" desc="Ending wavenumber value for performing INTRPL"/>
    <entry name="jemit"  type="INTEGER"   value="0"      desc="Data selection flag. -1==absorption; 0==transmittance; 1==radiance"/>
    <entry name="i4pt"   type="INTEGER"   value="0"      desc="Interpolation type flag. 0==linear; 1==4-pt"/>
    <entry name="iunit"  type="INTEGER"   value="0"      desc="Unit designation of file to be interpolated"/>
    <entry name="ifilst" type="INTEGER"   value="0"      desc="Initial file from IUNIT to be interpolated"/>
    <entry name="nifils" type="INTEGER"   value="0"      desc="Number of files to be interpolated starting at IFILST"/>
    <entry name="junit"  type="INTEGER"   value="0"      desc="File containing interpolated results"/>
    <entry name="npts"   type="INTEGER"   value="0"      desc="No. of values printed for begin&end of each panel"/>
  </record>
</lblinput>
