<lblinput>
  <!-- LBLRTM 8.1 record -->
  <record name="r8p1" type="lblrtm" format="(3f10.3,3(3x,i2),f10.4,4(3x,i2),i5,f10.5)">
    <entry name="hwhm"   type="REAL(fp)"  value="0.0_fp" desc="Half Width Half Maximum"/>
    <entry name="v1"     type="REAL(fp)"  value="0.0_fp" desc="Beginning wavenumber value for performing SCAN"/>
    <entry name="v2"     type="REAL(fp)"  value="0.0_fp" desc="Ending wavenumber value for performing SCAN"/>
    <entry name="jemit"  type="INTEGER"   value="0"      desc="Convolution flag. -1==absorption; 0==transmittance; 1==radiance"/>
    <entry name="jfn"    type="INTEGER"   value="0"      desc="Selects scanning function"/>
    <entry name="jvar"   type="INTEGER"   value="0"      desc="Flag for variable HWHM. 0==no variation; 1==HWHM(vi)=HWHM(v1)*(vi/v1)"/>
    <entry name="sampl"  type="REAL(fp)"  value="0.0_fp" desc="Number of sample points per half width"/>
    <entry name="iunit"  type="INTEGER"   value="0"      desc="Unit number of file to be scanned"/>
    <entry name="ifilst" type="INTEGER"   value="0"      desc="Initial file from IUNIT to be scanned"/>
    <entry name="nifils" type="INTEGER"   value="0"      desc="Number of files to be scanned starting at IFILST"/>
    <entry name="junit"  type="INTEGER"   value="0"      desc="File containing scanned results"/>
    <entry name="npts"   type="INTEGER"   value="0"      desc="No. of values printed for begin&end of each panel"/>
  </record>
</lblinput>
