<lblinput>
  <!-- LBLRTM 10.1 record -->
  <record name="r10p1" type="lblrtm" format="(3f10.3,3i5,f10.3,4i5,i3,i2)">
    <entry name="hwhm"   type="REAL(fp)"  value="0.0_fp" desc="Half-width half maximum"/>
    <entry name="v1"     type="REAL(fp)"  value="0.0_fp" desc="Beginning wavenumber value for performing FFTSCN"/>
    <entry name="v2"     type="REAL(fp)"  value="0.0_fp" desc="Ending wavenumber value for performing FFTSCN"/>
    <entry name="jemit"  type="INTEGER"   value="0"      desc="Data selection flag. 0==transmittance; 1==radiance"/>
    <entry name="jfnin"  type="INTEGER"   value="0"      desc="Scanning function flag. 0 - 13"/>
    <entry name="mratin" type="INTEGER"   value="0"      desc="Ratio of HWHM of the scanning function to the halfwidth of the boxcar"/>
    <entry name="dvout"  type="REAL(fp)"  value="0.0_fp" desc="Output wavenumber grid spacing"/>
    <entry name="iunit"  type="INTEGER"   value="0"      desc="Unit designation of file to be scanned"/>
    <entry name="ifilst" type="INTEGER"   value="0"      desc="Initial file from IUNIT to be interpolated"/>
    <entry name="nifils" type="INTEGER"   value="0"      desc="Number of files to be interpolated starting at IFILST"/>
    <entry name="junit"  type="INTEGER"   value="0"      desc="File containing interpolated results"/>
    <entry name="ivx"    type="INTEGER"   value="0"      desc="Scanning fn calculation flag. -1==FFT of apodfn; 0==program determines; 1==analytic"/>
    <entry name="nofix"  type="INTEGER"   value="0"      desc="Deconvolution flag. 0==deconvolve with boxcar; 1==No deconvolution"/>
  </record>
  <!-- LBLRTM 10.2 record -->
  <record name="r10p2" type="lblrtm" format="(3f10.4)">
    <entry name="parm1" type="REAL(fp)" value="0.0_fp" desc="Value of p for jfnin=11,12; value of v_offset for jfnin=13"/>
    <entry name="parm2" type="REAL(fp)" value="0.0_fp" desc="Value of c1 jfnin=13"/>
    <entry name="parm3" type="REAL(fp)" value="0.0_fp" desc="Value of c2 jfnin=13"/>
  </record>
</lblinput>
