<lblinput>
  <!-- LBLRTM 11.1 record -->
  <record name="r11p1" type="lblrtm" format="(f10.3,f10.4,6i5,a35)">
    <entry name="v1f"    type="REAL(fp)"      value="0.0_fp" desc="Wavenumber iof initial SRF/filter value"/>
    <entry name="dvf"    type="REAL(fp)"      value="0.0_fp" desc="Wavenumber increment between SRF/filter values"/>
    <entry name="npts"   type="INTEGER"       value="0"      desc="Number of SRF/filter values"/>
    <entry name="jemit"  type="INTEGER"       value="0"      desc="Data selection flag. -1==absorption; 0==transmittance; 1==radiance"/>
    <entry name="iunit"  type="INTEGER"       value="0"      desc="Unit designation of file to be integrated"/>
    <entry name="ifilst" type="INTEGER"       value="0"      desc="Initial file from IUNIT to be integrated"/>
    <entry name="nifils" type="INTEGER"       value="0"      desc="Number of files to be integrated starting at IFILST"/>
    <entry name="junit"  type="INTEGER"       value="0"      desc="Unit designation for output file containing integrated results (named 'FLT_OUT')"/>
    <entry name="heddr"  type="CHARACTER(35)" value="''"     desc="User identification"/>
  </record>
  <!-- LBLRTM 11.2 record -->
  <record name="r11p2" type="lblrtm" format="(a80)">
    <entry name="ivar" type="CHARACTER(80)" value="''" desc="Format specification for reading filter values"/>
  </record>
  <!-- LBLRTM 11.3 record -->
  <record name="r11p3" type="lblrtm" format="<input>">
    <!-- output format is passed in. Value from r11p2. Use a different tag? -->
    <entry name="xf" dim="(:)" type="REAL(fp), ALLOCATABLE" value="" desc="SRF/filter data"/>
  </record>
</lblinput>
