<lblinput>
  <!-- Common 1.2a record -->
  <record name="r1p2a" type="common" format="(7(1x,f9.6))">
    <entry name="xself" type="REAL(fp)" value="0.0_fp" desc="H2O self broadened continuum absorption multiplicative factor"/>
    <entry name="xfrgn" type="REAL(fp)" value="0.0_fp" desc="H2O foreign broadened continuum absorption multiplicative factor"/>
    <entry name="xco2c" type="REAL(fp)" value="0.0_fp" desc="CO2 continuum absorption multiplicative factor"/>
    <entry name="xo3cn" type="REAL(fp)" value="0.0_fp" desc="O3 continuum absorption multiplicative factor"/>
    <entry name="xo2cn" type="REAL(fp)" value="0.0_fp" desc="O2 continuum absorption multiplicative factor"/>
    <entry name="xn2cn" type="REAL(fp)" value="0.0_fp" desc="N2 continuum absorption multiplicative factor"/>
    <entry name="xrayl" type="REAL(fp)" value="0.0_fp" desc="Rayleigh extinction multiplicative factor"/>
  </record>
</lblinput>
