<lblinput>
  <!-- Common 2.1 record -->
  <record name="r2p1" type="common" format="(1x,i1,i3,i5,f10.2,20x,f8.2,4x,f8.2,5x,f8.3)">
    <entry name="iform"  type="INTEGER"  value="0"      desc="Column amount format flag. If == 1, read data es15.7 format"/>
    <entry name="nlayrs" type="INTEGER"  value="0"      desc="Number of layers (maximum of 200)"/>
    <entry name="nmol"   type="INTEGER"  value="7"      desc="Value of highest molecule number used (default = 7; maximum of 35)"/>
    <entry name="secnt0" type="REAL(fp)" value="1.0_fp" desc="Column amount scale factor. If +ve, looking up; if -ve looking down"/>
    <entry name="zh1"    type="REAL(fp)" value="0.0_fp" desc="Observer altitude"/>
    <entry name="zh2"    type="REAL(fp)" value="0.0_fp" desc="End point altitude"/>
    <entry name="zangle" type="REAL(fp)" value="0.0_fp" desc="Zenith angle for path calculation"/>
  </record>
</lblinput>
