<lblinput>
  <!-- MonoRTM 1.3 records -->
  <record name="r1p3" type="monortm" format="(8(es10.3),4x,i1,5x,es10.3,3x,i2)">
    <entry name="v1"         type="REAL(fp)" value="0.0_fp"  desc="Beginning wavenumber value for the calculation"/>
    <entry name="v2"         type="REAL(fp)" value="0.0_fp"  desc="Ending wavenumber value for the calculation"/>
    <entry name="dvset"      type="REAL(fp)" value="0.0_fp"  desc="Selected DV for the final monochromatic calculation"/>
    <entry name="nmol_scal"  type="INTEGER"  value="0"       desc="Enables the scaling of the atmospheric profile for selected species"/>
  </record>
  <record name="r1p3p1" type="monortm" format="(i8)">
    <entry name="nwn" type="INTEGER" value="0"  desc="Number of wavenumbers to be read in record 1.3.2"/>
  </record>
  <record name="r1p3p2" type="monortm" format="(es19.7)">
    <entry name="wn" type="REAL(fp)" value="0"  desc="Wavenumber to be processed by MonoRTM"/>
  </record>
</lblinput>
